Barcode,Count
GTCTGTGTCTGACTCTCAGT,485
TGACTGTGTGTCACTGTGTC,123475
GAGACAGAGAGAGAGTCTGT,16816
GACTGAGAGAGACACTCTGA,14
GACAGAGTCTGAGTGTCACA,45425
GTGTCACACTCAGACTCTCA,58463
AGTGTCTCAGAGTGTGTCTG,132766
GTGAGTCACAGACAGAGTGA,10497
GACAGTCTGTGTGAGAGTGA,84146
AGTGAGTCACACTCTGACTC,65616
AGAGACTCTGTCTGTGTGTG,94349
GTCTCACTCACTCTCTCACA,28163
TGAGAGTCACTGTGAGAGTG,234470
CTGTCACAGTCACAGTGACA,63
TGACAGAGAGTCAGTGTCTG,143952
ACTGAGACAGAGAGTCAGTG,348727
CAGAGACTGTGTGAGTCTGA,179638
GAGACTGTGTGTGAGAGACT,21106
TCTCTCTCTGACAGTCTGTG,44035
GACTGTGAGACAGTCTCTCA,96400
TCAGAGACACTCTGTCTCTC,34656
CAGTCTGTCAGACTGAGAGT,14
TCAGAGAGAGTCTCTGACAG,137381
AGACTGACTGAGTGTCACTC,95465
AGACACACTCACAGAGTCTG,179243
CAGTCACTGACTGTCTGTCT,68873
CTGACTGTCAGTGTCAGACA,108237
GTCACAGTCTCTCAGTGACA,95483
AGACAGTCTCAGTGTGTGTC,58712
ACAGTGAGAGTCACTGAGTG,71943
GAGTCTGAGACAGAGTGTGA,54082
CACTGTGAGAGAGTGAGAGT,127867
ACTGTCAGTCTGTCTGAGTG,454092
ACAGACTGTCAGTCAGAGTC,29185
AGACTCTGAGACTGTCACTG,59373
TGAGTGTCAGAGACAGACAC,54914
CACTCAGTGACTCTGTCTGA,399423
GTGTGAGTCAGACAGTGTCT,19229
CAGACAGTCTCAGACTCACT,149420
ACTCTCTGAGAGAGAGACTG,38
CTCACACTGTCAGACAGTCA,12740
GTCAGTCACAGAGTGTGTCT,28157
AGAGTCAGTGACAGAGAGAG,14069
GACTCACACTCAGTGTCTCT,223990
CACAGACACTCACTGTCAGT,91237
TGAGTCACAGAGAGTCACTC,40
CTGTGTGTCTCTGTGTGTGT,297188
TGTCACACACACTGTCTGAC,84938
GAGACAGTGACAGAGTGTCA,39606
TGAGTCTCTCTCAGTGACAC,39231
TCAGAGTCACTCTGTCTGTG,321966
GACTCTGTCTGTGTGTCTGA,93105
